,2911-2902,2901-2902,4603-2902,2903-2902,2912-2903,2902-2903,4604-2903,2935-2903,2913-2904,2935-2904,4605-2904,2905-2904,2906-2905,2904-2905,2907-2906,2905-2906,2919-2911,2912-2911,2920-2912,2911-2912,2903-2912,2913-2912,2921-2913,2914-2913,2904-2913,2922-2914,2915-2914,2906-2914,4405-2918,2919-2918,4405-2919,2918-2919,2911-2919,2920-2919,4404-2920,2919-2920,2912-2920,2921-2920,4523-2921,2920-2921,2913-2921,2922-2921,4512-2922,2921-2922,2914-2922,2923-2922,2903-2935,2904-2935,4390-4389,4403-4389,4523-4389,4402-4389,4523-4403,4389-4403,1039-4403,4404-4403,4399-4404,4405-4404,2920-4404,4403-4404,4400-4405,2918-4405,2919-4405,4404-4405,4603-4604,4604-4605,4596-4605,2906-4606,4605-4606,4597-4606,1036-4400,4405-4400,4416-4400,4399-1036,4400-1036,1039-4399,4413-4399,1036-4399,4404-4399,4398-4390,1039-4390,4389-4390,4391-4390,4399-4413,4389-4523,4403-4523,4511-4523,2921-4523,4517-2925,2926-2925,2917-2925,2924-2925,2910-2909,2917-2909,4609-2909,2908-2909,2925-2924,1059-2924,2923-2924,2916-2924,2908-2907,2915-2907,2906-2907,4607-2907,2924-2923,2922-2923,2909-2908,2907-2908,2907-2906,2909-2910,4601-4602,4602-4601,4609-4601,4600-4601,4592-4601,4583-4582,4581-4582,4584-4574,3460-4584,4592-4584,4583-4584,4574-4584,4583-4573,4584-4583,4591-4583,4582-4583,4573-4583,4580-4579,4581-4580,4589-4580,4579-4580,4571-4580,4582-4581,4590-4581,4572-4581,4580-4581
2020-01-01,46.0,48.0,42.0,42.0,40.0,62.0,38.0,61.0,38.0,93.0,26.0,68.0,66.0,68.0,44.0,50.0,23.0,0.0,0.0,0.0,50.0,10.0,0.0,13.0,2.0,54.0,19.0,33.0,79.0,36.0,47.0,31.0,32.0,33.0,44.0,47.0,56.0,37.0,14.0,76.0,12.0,0.0,57.0,56.0,41.0,39.0,58.0,56.0,8.0,92.0,20.0,107.0,0.0,0.0,6.0,87.0,31.0,67.0,91.0,94.0,44.0,58.0,22.0,77.0,9.0,20.0,6.0,34.0,28.0,25.0,15.0,23.0,43.0,18.0,10.0,0.0,32.0,0.0,26.0,0.0,35.0,11.0,10.0,28.0,4.0,0.0,62.0,10.0,85.0,32.0,114.0,36.0,27.0,89.0,17.0,53.0,48.0,44.0,23.0,29.0,47.0,50.0,60.0,40.0,42.0,39.0,39.0,48.0,44.0,53.0,67.0,14.0,109.0,13.0,4.0,19.0,24.0,101.0,11.0,47.0,35.0,136.0,0.0,18.0,19.0,0.0,32.0,37.0,26.0,25.0,31.0,21.0,14.0,41.0,37.0,25.0
2020-01-02,87.0,136.0,73.0,111.0,92.0,161.0,71.0,141.0,47.0,146.0,24.0,162.0,161.0,114.0,100.0,85.0,48.0,0.0,0.0,0.0,82.0,21.0,0.0,18.0,11.0,71.0,22.0,41.0,342.0,53.0,99.0,90.0,48.0,180.0,92.0,94.0,77.0,66.0,16.0,119.0,0.0,0.0,82.0,108.0,42.0,83.0,117.0,127.0,7.0,342.0,32.0,253.0,0.0,249.0,13.0,219.0,138.0,200.0,135.0,246.0,172.0,217.0,43.0,248.0,15.0,43.0,8.0,48.0,26.0,58.0,54.0,68.0,158.0,65.0,33.0,0.0,93.0,0.0,48.0,0.0,65.0,0.0,16.0,65.0,9.0,0.0,65.0,38.0,172.0,49.0,203.0,58.0,59.0,199.0,27.0,68.0,98.0,66.0,68.0,63.0,88.0,419.0,98.0,103.0,71.0,84.0,86.0,67.0,100.0,80.0,103.0,21.0,234.0,29.0,26.0,57.0,53.0,146.0,28.0,223.0,69.0,274.0,0.0,61.0,32.0,0.0,85.0,90.0,61.0,35.0,94.0,47.0,42.0,68.0,79.0,61.0
2020-01-03,102.0,106.0,79.0,98.0,110.0,119.0,58.0,143.0,51.0,141.0,36.0,163.0,164.0,120.0,86.0,81.0,46.0,0.0,0.0,0.0,73.0,19.0,0.0,25.0,7.0,49.0,25.0,47.0,334.0,50.0,51.0,74.0,51.0,63.0,107.0,76.0,83.0,84.0,7.0,100.0,16.0,0.0,72.0,98.0,42.0,72.0,105.0,122.0,4.0,326.0,27.0,292.0,0.0,0.0,9.0,233.0,82.0,219.0,150.0,284.0,120.0,234.0,39.0,276.0,21.0,44.0,17.0,38.0,31.0,52.0,57.0,70.0,123.0,85.0,30.0,0.0,77.0,45.0,49.0,0.0,85.0,13.0,5.0,66.0,4.0,0.0,62.0,29.0,184.0,47.0,207.0,67.0,50.0,192.0,28.0,71.0,82.0,79.0,60.0,48.0,87.0,533.0,109.0,91.0,60.0,61.0,65.0,52.0,86.0,105.0,35.0,17.0,221.0,31.0,19.0,58.0,47.0,140.0,37.0,203.0,67.0,256.0,0.0,51.0,50.0,0.0,82.0,97.0,73.0,37.0,73.0,38.0,55.0,77.0,75.0,63.0
2020-01-04,62.0,89.0,64.0,84.0,79.0,111.0,38.0,124.0,43.0,121.0,29.0,146.0,135.0,111.0,91.0,67.0,21.0,0.0,0.0,0.0,46.0,21.0,0.0,15.0,7.0,61.0,19.0,42.0,232.0,70.0,37.0,71.0,47.0,66.0,72.0,79.0,50.0,68.0,3.0,108.0,12.0,0.0,79.0,75.0,50.0,61.0,98.0,125.0,3.0,222.0,35.0,200.0,0.0,195.0,8.0,210.0,54.0,200.0,121.0,179.0,90.0,216.0,33.0,178.0,11.0,33.0,8.0,50.0,30.0,40.0,38.0,65.0,105.0,47.0,26.0,0.0,54.0,37.0,40.0,0.0,83.0,17.0,0.0,50.0,8.0,0.0,23.0,37.0,146.0,37.0,168.0,57.0,35.0,177.0,30.0,50.0,65.0,65.0,48.0,40.0,74.0,62.0,81.0,72.0,59.0,50.0,61.0,42.0,91.0,63.0,27.0,18.0,191.0,16.0,17.0,46.0,148.0,141.0,32.0,204.0,48.0,225.0,0.0,40.0,40.0,0.0,41.0,64.0,54.0,19.0,60.0,29.0,36.0,64.0,49.0,39.0
2020-01-05,45.0,79.0,62.0,62.0,65.0,92.0,40.0,91.0,12.0,89.0,10.0,93.0,114.0,81.0,78.0,49.0,21.0,0.0,0.0,0.0,56.0,21.0,0.0,18.0,1.0,61.0,27.0,45.0,169.0,39.0,38.0,75.0,27.0,47.0,65.0,79.0,0.0,54.0,9.0,96.0,6.0,0.0,65.0,97.0,55.0,52.0,82.0,90.0,7.0,197.0,23.0,162.0,0.0,175.0,6.0,192.0,54.0,179.0,102.0,180.0,73.0,183.0,28.0,128.0,10.0,25.0,3.0,42.0,22.0,41.0,33.0,46.0,68.0,43.0,26.0,0.0,54.0,35.0,44.0,0.0,47.0,14.0,12.0,44.0,5.0,0.0,61.0,26.0,120.0,46.0,157.0,45.0,63.0,134.0,26.0,60.0,23.0,55.0,43.0,36.0,59.0,65.0,61.0,46.0,69.0,61.0,79.0,49.0,78.0,94.0,255.0,22.0,152.0,22.0,9.0,51.0,45.0,117.0,25.0,149.0,53.0,202.0,0.0,45.0,27.0,0.0,56.0,75.0,57.0,27.0,69.0,33.0,45.0,50.0,44.0,49.0
2020-01-06,109.0,138.0,109.0,146.0,129.0,161.0,84.0,185.0,31.0,168.0,35.0,212.0,220.0,154.0,129.0,101.0,60.0,0.0,0.0,0.0,103.0,28.0,0.0,27.0,7.0,67.0,32.0,59.0,288.0,53.0,124.0,90.0,75.0,82.0,126.0,107.0,82.0,94.0,12.0,12.0,8.0,0.0,75.0,114.0,57.0,80.0,125.0,73.0,4.0,198.0,33.0,264.0,0.0,243.0,24.0,192.0,110.0,184.0,146.0,250.0,159.0,191.0,57.0,243.0,23.0,50.0,13.0,41.0,37.0,62.0,56.0,94.0,138.0,89.0,45.0,0.0,94.0,51.0,54.0,0.0,116.0,12.0,6.0,58.0,7.0,0.0,42.0,21.0,212.0,57.0,190.0,72.0,201.0,212.0,35.0,67.0,49.0,99.0,65.0,94.0,128.0,110.0,140.0,108.0,63.0,68.0,87.0,58.0,129.0,131.0,193.0,32.0,217.0,34.0,27.0,94.0,64.0,145.0,39.0,221.0,73.0,294.0,0.0,88.0,59.0,0.0,102.0,94.0,74.0,34.0,89.0,51.0,73.0,91.0,75.0,60.0
2020-01-07,143.0,210.0,108.0,117.0,116.0,179.0,89.0,167.0,27.0,174.0,26.0,192.0,196.0,156.0,130.0,126.0,69.0,0.0,0.0,0.0,109.0,17.0,0.0,21.0,9.0,80.0,32.0,56.0,289.0,43.0,151.0,99.0,73.0,69.0,105.0,134.0,95.0,89.0,13.0,158.0,16.0,0.0,89.0,146.0,57.0,86.0,115.0,156.0,12.0,234.0,38.0,288.0,0.0,277.0,18.0,229.0,101.0,210.0,171.0,266.0,175.0,212.0,62.0,259.0,17.0,45.0,16.0,64.0,27.0,59.0,75.0,73.0,155.0,98.0,26.0,0.0,91.0,51.0,66.0,0.0,92.0,24.0,23.0,72.0,6.0,0.0,66.0,9.0,222.0,46.0,257.0,68.0,191.0,232.0,45.0,79.0,31.0,91.0,63.0,69.0,126.0,96.0,130.0,105.0,65.0,88.0,104.0,69.0,130.0,93.0,61.0,26.0,254.0,44.0,50.0,77.0,70.0,148.0,30.0,237.0,60.0,351.0,46.0,72.0,74.0,0.0,120.0,110.0,21.0,41.0,82.0,54.0,58.0,78.0,80.0,71.0
2020-01-08,116.0,129.0,119.0,112.0,147.0,156.0,79.0,159.0,34.0,167.0,43.0,175.0,177.0,147.0,125.0,121.0,69.0,0.0,0.0,0.0,90.0,35.0,0.0,26.0,14.0,75.0,24.0,58.0,291.0,49.0,109.0,91.0,79.0,62.0,132.0,122.0,82.0,100.0,11.0,150.0,16.0,0.0,91.0,127.0,56.0,98.0,127.0,143.0,6.0,270.0,30.0,280.0,0.0,0.0,13.0,234.0,112.0,227.0,178.0,268.0,159.0,229.0,54.0,256.0,13.0,40.0,27.0,64.0,204.0,57.0,62.0,66.0,141.0,68.0,45.0,0.0,99.0,0.0,75.0,0.0,90.0,21.0,20.0,79.0,11.0,0.0,60.0,30.0,257.0,54.0,259.0,62.0,61.0,266.0,39.0,85.0,29.0,107.0,54.0,71.0,96.0,189.0,128.0,105.0,69.0,84.0,118.0,75.0,125.0,99.0,38.0,42.0,292.0,57.0,34.0,81.0,81.0,189.0,35.0,273.0,78.0,334.0,59.0,79.0,67.0,0.0,133.0,96.0,68.0,15.0,119.0,49.0,60.0,89.0,77.0,23.0
2020-01-09,133.0,163.0,101.0,124.0,142.0,186.0,84.0,173.0,50.0,199.0,30.0,202.0,194.0,177.0,118.0,120.0,64.0,0.0,0.0,0.0,98.0,28.0,0.0,27.0,14.0,67.0,35.0,50.0,312.0,57.0,125.0,80.0,82.0,91.0,116.0,106.0,96.0,86.0,5.0,126.0,17.0,0.0,80.0,118.0,49.0,98.0,146.0,125.0,0.0,220.0,32.0,371.0,0.0,0.0,13.0,212.0,94.0,153.0,178.0,290.0,165.0,198.0,65.0,269.0,36.0,60.0,19.0,61.0,35.0,67.0,73.0,65.0,165.0,81.0,47.0,0.0,81.0,71.0,58.0,0.0,105.0,18.0,5.0,73.0,7.0,0.0,23.0,8.0,240.0,67.0,223.0,85.0,54.0,251.0,36.0,74.0,33.0,102.0,74.0,82.0,114.0,0.0,121.0,133.0,78.0,120.0,90.0,64.0,118.0,100.0,39.0,33.0,271.0,44.0,41.0,78.0,53.0,156.0,59.0,266.0,69.0,337.0,70.0,83.0,74.0,0.0,130.0,101.0,75.0,34.0,91.0,57.0,69.0,90.0,71.0,71.0
2020-01-10,128.0,143.0,119.0,121.0,145.0,162.0,75.0,157.0,32.0,146.0,28.0,175.0,181.0,140.0,111.0,84.0,66.0,0.0,0.0,0.0,86.0,28.0,0.0,19.0,7.0,70.0,16.0,62.0,314.0,54.0,305.0,88.0,97.0,70.0,143.0,130.0,79.0,98.0,16.0,158.0,0.0,0.0,84.0,129.0,62.0,105.0,129.0,147.0,10.0,226.0,36.0,326.0,0.0,306.0,17.0,213.0,123.0,182.0,207.0,323.0,179.0,178.0,80.0,296.0,20.0,51.0,13.0,62.0,277.0,65.0,74.0,87.0,160.0,81.0,39.0,0.0,109.0,65.0,58.0,0.0,87.0,24.0,30.0,74.0,6.0,0.0,60.0,10.0,236.0,63.0,250.0,68.0,49.0,240.0,47.0,59.0,0.0,99.0,77.0,81.0,96.0,149.0,101.0,109.0,89.0,115.0,81.0,57.0,111.0,0.0,34.0,31.0,254.0,43.0,26.0,84.0,59.0,164.0,36.0,264.0,73.0,335.0,54.0,84.0,71.0,0.0,104.0,108.0,73.0,34.0,100.0,40.0,63.0,91.0,75.0,63.0
2020-01-11,54.0,110.0,88.0,75.0,117.0,128.0,64.0,101.0,52.0,120.0,24.0,114.0,112.0,110.0,75.0,81.0,25.0,0.0,0.0,0.0,81.0,22.0,0.0,25.0,10.0,48.0,19.0,44.0,286.0,0.0,62.0,76.0,70.0,51.0,115.0,108.0,216.0,61.0,14.0,123.0,14.0,0.0,71.0,94.0,48.0,69.0,96.0,100.0,6.0,236.0,34.0,265.0,0.0,0.0,7.0,235.0,106.0,225.0,147.0,224.0,114.0,213.0,45.0,234.0,349.0,46.0,11.0,38.0,32.0,40.0,45.0,66.0,127.0,64.0,38.0,0.0,78.0,0.0,49.0,0.0,0.0,17.0,14.0,57.0,6.0,0.0,36.0,30.0,191.0,48.0,202.0,54.0,43.0,210.0,30.0,47.0,24.0,93.0,39.0,40.0,71.0,163.0,70.0,81.0,58.0,72.0,72.0,38.0,75.0,92.0,93.0,29.0,226.0,25.0,14.0,76.0,45.0,138.0,25.0,215.0,47.0,249.0,33.0,63.0,138.0,0.0,74.0,107.0,83.0,27.0,77.0,47.0,66.0,68.0,82.0,54.0
2020-01-12,48.0,79.0,86.0,68.0,70.0,109.0,66.0,87.0,13.0,121.0,20.0,101.0,100.0,120.0,70.0,89.0,29.0,0.0,0.0,0.0,60.0,19.0,0.0,18.0,3.0,46.0,23.0,45.0,181.0,49.0,86.0,56.0,62.0,65.0,70.0,80.0,57.0,77.0,5.0,92.0,3.0,0.0,62.0,75.0,49.0,84.0,114.0,86.0,11.0,158.0,23.0,172.0,0.0,0.0,10.0,155.0,66.0,139.0,121.0,183.0,68.0,144.0,42.0,167.0,4.0,13.0,11.0,49.0,25.0,33.0,31.0,54.0,77.0,44.0,25.0,0.0,58.0,0.0,36.0,0.0,0.0,0.0,20.0,44.0,8.0,0.0,46.0,29.0,0.0,48.0,233.0,36.0,36.0,134.0,21.0,43.0,39.0,58.0,37.0,35.0,79.0,397.0,75.0,57.0,73.0,63.0,56.0,46.0,70.0,92.0,40.0,17.0,159.0,21.0,16.0,52.0,35.0,126.0,34.0,164.0,48.0,242.0,21.0,450.0,39.0,0.0,54.0,70.0,55.0,30.0,52.0,36.0,39.0,53.0,51.0,38.0
2020-01-13,248.0,216.0,113.0,132.0,0.0,211.0,105.0,0.0,63.0,164.0,47.0,0.0,124.0,131.0,41.0,100.0,103.0,0.0,0.0,0.0,125.0,49.0,0.0,47.0,14.0,64.0,47.0,84.0,307.0,96.0,127.0,118.0,109.0,87.0,141.0,155.0,0.0,78.0,19.0,187.0,30.0,0.0,75.0,166.0,71.0,120.0,0.0,167.0,0.0,300.0,44.0,303.0,0.0,267.0,20.0,276.0,130.0,256.0,163.0,259.0,172.0,275.0,65.0,251.0,24.0,67.0,21.0,44.0,164.0,62.0,76.0,93.0,151.0,102.0,54.0,0.0,116.0,88.0,58.0,160.0,82.0,33.0,22.0,70.0,8.0,0.0,2.0,12.0,303.0,70.0,265.0,67.0,51.0,312.0,47.0,60.0,36.0,105.0,64.0,99.0,84.0,0.0,93.0,139.0,76.0,70.0,90.0,60.0,41.0,102.0,34.0,27.0,330.0,42.0,41.0,78.0,77.0,183.0,45.0,320.0,73.0,382.0,54.0,189.0,85.0,0.0,118.0,103.0,60.0,32.0,37.0,54.0,42.0,87.0,84.0,73.0
2020-01-14,181.0,211.0,141.0,130.0,0.0,221.0,96.0,0.0,45.0,150.0,33.0,0.0,138.0,120.0,69.0,102.0,84.0,0.0,0.0,0.0,139.0,32.0,0.0,48.0,9.0,80.0,40.0,64.0,361.0,107.0,157.0,140.0,86.0,134.0,156.0,176.0,0.0,146.0,20.0,174.0,27.0,0.0,81.0,165.0,56.0,143.0,1.0,195.0,18.0,272.0,35.0,265.0,0.0,258.0,20.0,268.0,142.0,233.0,168.0,267.0,203.0,273.0,67.0,293.0,35.0,62.0,20.0,64.0,122.0,63.0,92.0,108.0,207.0,128.0,52.0,0.0,129.0,86.0,68.0,0.0,0.0,28.0,31.0,81.0,8.0,0.0,59.0,26.0,322.0,78.0,292.0,81.0,47.0,304.0,43.0,65.0,0.0,103.0,85.0,97.0,114.0,277.0,114.0,124.0,103.0,101.0,99.0,61.0,69.0,104.0,41.0,36.0,320.0,69.0,46.0,77.0,85.0,192.0,43.0,315.0,98.0,426.0,91.0,165.0,261.0,0.0,156.0,99.0,55.0,50.0,105.0,66.0,56.0,49.0,95.0,60.0
2020-01-15,177.0,212.0,134.0,118.0,0.0,254.0,69.0,0.0,75.0,162.0,39.0,0.0,149.0,135.0,64.0,111.0,89.0,0.0,0.0,0.0,101.0,55.0,0.0,43.0,9.0,98.0,32.0,66.0,334.0,101.0,143.0,154.0,92.0,117.0,109.0,130.0,310.0,118.0,21.0,179.0,4.0,0.0,59.0,159.0,55.0,149.0,1.0,199.0,84.0,292.0,27.0,331.0,0.0,280.0,34.0,276.0,149.0,280.0,177.0,302.0,207.0,302.0,69.0,301.0,37.0,83.0,14.0,81.0,54.0,58.0,93.0,96.0,233.0,124.0,71.0,0.0,136.0,76.0,84.0,0.0,0.0,15.0,28.0,93.0,20.0,0.0,35.0,10.0,386.0,88.0,42.0,80.0,51.0,379.0,38.0,62.0,45.0,115.0,79.0,91.0,124.0,150.0,100.0,114.0,102.0,100.0,111.0,61.0,64.0,127.0,34.0,44.0,381.0,43.0,41.0,87.0,60.0,190.0,46.0,386.0,99.0,376.0,76.0,132.0,135.0,0.0,154.0,112.0,62.0,33.0,103.0,61.0,63.0,67.0,74.0,69.0
2020-01-16,202.0,202.0,131.0,122.0,0.0,224.0,105.0,0.0,95.0,187.0,40.0,0.0,145.0,155.0,68.0,101.0,137.0,0.0,0.0,0.0,113.0,43.0,0.0,53.0,7.0,94.0,34.0,90.0,333.0,79.0,160.0,68.0,97.0,82.0,179.0,101.0,0.0,106.0,16.0,150.0,25.0,0.0,98.0,123.0,74.0,117.0,0.0,182.0,0.0,299.0,24.0,283.0,0.0,0.0,13.0,290.0,149.0,260.0,204.0,269.0,218.0,292.0,65.0,269.0,45.0,52.0,17.0,60.0,231.0,49.0,109.0,93.0,201.0,132.0,80.0,0.0,130.0,98.0,76.0,0.0,0.0,17.0,24.0,72.0,10.0,0.0,52.0,5.0,305.0,93.0,44.0,68.0,55.0,225.0,29.0,61.0,48.0,101.0,63.0,81.0,114.0,247.0,94.0,127.0,72.0,119.0,84.0,34.0,68.0,141.0,75.0,43.0,292.0,61.0,54.0,91.0,75.0,181.0,37.0,299.0,82.0,420.0,61.0,105.0,79.0,0.0,158.0,95.0,67.0,34.0,112.0,71.0,73.0,27.0,89.0,61.0
2020-01-17,159.0,151.0,100.0,125.0,0.0,191.0,100.0,0.0,61.0,133.0,43.0,0.0,153.0,101.0,100.0,93.0,131.0,0.0,0.0,0.0,125.0,41.0,0.0,48.0,11.0,84.0,36.0,69.0,342.0,64.0,136.0,124.0,80.0,91.0,147.0,146.0,116.0,120.0,18.0,9.0,9.0,0.0,85.0,161.0,63.0,135.0,3.0,185.0,0.0,291.0,38.0,233.0,0.0,231.0,21.0,284.0,141.0,255.0,174.0,233.0,180.0,249.0,75.0,265.0,38.0,58.0,21.0,52.0,63.0,63.0,91.0,85.0,189.0,123.0,69.0,0.0,99.0,91.0,63.0,0.0,121.0,21.0,26.0,76.0,9.0,0.0,78.0,8.0,295.0,84.0,44.0,98.0,48.0,266.0,50.0,51.0,38.0,98.0,79.0,90.0,108.0,137.0,96.0,118.0,89.0,89.0,82.0,46.0,100.0,114.0,46.0,28.0,328.0,53.0,43.0,83.0,70.0,192.0,42.0,305.0,73.0,449.0,75.0,118.0,105.0,0.0,122.0,110.0,82.0,37.0,138.0,48.0,58.0,63.0,82.0,67.0
2020-01-18,10.0,81.0,72.0,100.0,0.0,84.0,86.0,0.0,26.0,69.0,28.0,0.0,128.0,86.0,75.0,66.0,4.0,0.0,0.0,0.0,94.0,4.0,0.0,0.0,8.0,71.0,8.0,51.0,281.0,81.0,31.0,70.0,0.0,79.0,94.0,121.0,262.0,0.0,7.0,123.0,15.0,0.0,79.0,97.0,56.0,100.0,1.0,156.0,0.0,225.0,37.0,271.0,0.0,252.0,14.0,217.0,83.0,195.0,174.0,241.0,129.0,219.0,42.0,202.0,22.0,63.0,6.0,62.0,8.0,52.0,73.0,60.0,113.0,85.0,32.0,0.0,75.0,56.0,55.0,0.0,100.0,22.0,20.0,60.0,3.0,0.0,63.0,40.0,217.0,63.0,26.0,56.0,39.0,221.0,34.0,36.0,35.0,95.0,55.0,56.0,88.0,388.0,49.0,78.0,77.0,66.0,67.0,39.0,75.0,74.0,26.0,15.0,244.0,16.0,15.0,66.0,61.0,102.0,30.0,237.0,53.0,313.0,35.0,81.0,46.0,0.0,79.0,84.0,62.0,26.0,94.0,61.0,52.0,62.0,71.0,65.0
2020-01-19,64.0,89.0,85.0,73.0,0.0,125.0,49.0,0.0,14.0,83.0,26.0,0.0,131.0,74.0,89.0,54.0,33.0,0.0,0.0,0.0,72.0,19.0,0.0,18.0,5.0,56.0,19.0,53.0,194.0,52.0,63.0,66.0,66.0,66.0,80.0,93.0,0.0,66.0,5.0,1.0,6.0,0.0,62.0,99.0,48.0,61.0,2.0,173.0,10.0,173.0,18.0,173.0,0.0,179.0,3.0,172.0,70.0,154.0,119.0,171.0,79.0,149.0,44.0,162.0,17.0,46.0,9.0,39.0,45.0,26.0,47.0,72.0,74.0,55.0,33.0,0.0,66.0,45.0,40.0,0.0,58.0,19.0,22.0,55.0,5.0,0.0,45.0,16.0,170.0,52.0,32.0,49.0,179.0,181.0,36.0,45.0,28.0,58.0,44.0,66.0,90.0,0.0,44.0,59.0,51.0,66.0,73.0,39.0,89.0,96.0,25.0,0.0,0.0,0.0,0.0,53.0,43.0,133.0,32.0,209.0,54.0,269.0,35.0,64.0,141.0,0.0,75.0,78.0,59.0,31.0,51.0,34.0,45.0,39.0,55.0,48.0
2020-01-21,159.0,221.0,120.0,125.0,0.0,247.0,90.0,0.0,54.0,196.0,39.0,0.0,136.0,153.0,53.0,0.0,101.0,0.0,0.0,0.0,110.0,55.0,0.0,55.0,16.0,99.0,47.0,69.0,321.0,73.0,142.0,115.0,84.0,78.0,199.0,132.0,104.0,0.0,14.0,172.0,15.0,0.0,96.0,157.0,60.0,131.0,2.0,203.0,0.0,330.0,42.0,302.0,0.0,0.0,0.0,0.0,0.0,0.0,0.0,0.0,174.0,307.0,59.0,262.0,52.0,62.0,21.0,62.0,22.0,59.0,92.0,88.0,175.0,114.0,74.0,0.0,113.0,105.0,0.0,0.0,144.0,22.0,20.0,0.0,11.0,0.0,83.0,34.0,384.0,79.0,41.0,83.0,49.0,350.0,44.0,51.0,0.0,121.0,74.0,89.0,129.0,199.0,107.0,139.0,108.0,77.0,106.0,46.0,53.0,140.0,32.0,40.0,352.0,51.0,45.0,55.0,70.0,201.0,39.0,358.0,80.0,352.0,59.0,243.0,72.0,0.0,144.0,75.0,37.0,31.0,113.0,63.0,33.0,41.0,82.0,68.0
2020-01-22,154.0,188.0,110.0,143.0,0.0,254.0,88.0,0.0,63.0,187.0,46.0,0.0,163.0,166.0,50.0,0.0,86.0,0.0,0.0,0.0,107.0,55.0,0.0,63.0,12.0,82.0,48.0,79.0,354.0,97.0,133.0,113.0,93.0,111.0,178.0,120.0,87.0,140.0,15.0,118.0,7.0,0.0,95.0,112.0,57.0,146.0,0.0,197.0,0.0,357.0,24.0,309.0,0.0,0.0,22.0,273.0,128.0,271.0,161.0,280.0,208.0,260.0,63.0,260.0,33.0,49.0,31.0,65.0,48.0,75.0,101.0,73.0,183.0,140.0,65.0,0.0,98.0,79.0,0.0,0.0,129.0,14.0,28.0,0.0,9.0,0.0,64.0,45.0,339.0,84.0,37.0,69.0,36.0,333.0,48.0,59.0,47.0,101.0,63.0,99.0,124.0,256.0,120.0,122.0,94.0,110.0,113.0,54.0,50.0,114.0,37.0,30.0,323.0,55.0,45.0,56.0,183.0,166.0,25.0,354.0,77.0,448.0,78.0,70.0,80.0,0.0,141.0,101.0,59.0,28.0,121.0,63.0,38.0,53.0,80.0,49.0
2020-01-23,191.0,223.0,108.0,131.0,0.0,256.0,84.0,0.0,40.0,175.0,44.0,0.0,159.0,144.0,116.0,0.0,106.0,0.0,0.0,0.0,108.0,41.0,0.0,45.0,7.0,84.0,40.0,69.0,298.0,60.0,359.0,108.0,89.0,101.0,176.0,128.0,87.0,0.0,11.0,194.0,16.0,0.0,119.0,146.0,69.0,141.0,0.0,198.0,17.0,289.0,190.0,319.0,0.0,0.0,20.0,273.0,165.0,258.0,137.0,257.0,229.0,251.0,57.0,249.0,44.0,61.0,7.0,61.0,47.0,55.0,125.0,69.0,213.0,175.0,44.0,0.0,117.0,0.0,46.0,0.0,137.0,23.0,35.0,65.0,12.0,0.0,42.0,37.0,430.0,68.0,51.0,91.0,59.0,371.0,40.0,57.0,54.0,122.0,84.0,73.0,131.0,177.0,100.0,136.0,104.0,87.0,96.0,56.0,116.0,124.0,158.0,36.0,347.0,61.0,45.0,97.0,401.0,187.0,51.0,363.0,66.0,395.0,64.0,372.0,79.0,0.0,160.0,105.0,65.0,33.0,112.0,60.0,65.0,92.0,96.0,63.0
2020-02-01,86.0,121.0,47.0,108.0,0.0,141.0,66.0,169.0,30.0,102.0,37.0,0.0,139.0,72.0,92.0,0.0,42.0,0.0,0.0,0.0,79.0,34.0,0.0,18.0,8.0,15.0,35.0,58.0,202.0,80.0,103.0,0.0,63.0,61.0,26.0,82.0,77.0,64.0,10.0,117.0,26.0,0.0,4.0,103.0,56.0,83.0,0.0,171.0,0.0,231.0,45.0,252.0,0.0,219.0,10.0,216.0,78.0,204.0,133.0,205.0,127.0,232.0,40.0,174.0,19.0,38.0,13.0,26.0,62.0,59.0,50.0,58.0,108.0,78.0,28.0,0.0,69.0,43.0,50.0,0.0,91.0,18.0,14.0,59.0,5.0,0.0,49.0,60.0,249.0,44.0,27.0,59.0,38.0,280.0,35.0,48.0,37.0,77.0,52.0,53.0,72.0,201.0,51.0,67.0,66.0,77.0,84.0,36.0,92.0,69.0,20.0,21.0,292.0,25.0,17.0,61.0,40.0,133.0,49.0,259.0,51.0,284.0,35.0,69.0,40.0,0.0,88.0,86.0,76.0,20.0,71.0,55.0,47.0,79.0,59.0,40.0
2020-02-02,76.0,117.0,111.0,103.0,0.0,143.0,0.0,0.0,17.0,152.0,15.0,0.0,115.0,109.0,72.0,0.0,39.0,0.0,0.0,0.0,59.0,33.0,0.0,32.0,9.0,69.0,36.0,54.0,181.0,29.0,101.0,0.0,76.0,42.0,28.0,68.0,60.0,3.0,6.0,119.0,14.0,0.0,83.0,72.0,52.0,2.0,1.0,203.0,2.0,227.0,9.0,239.0,0.0,211.0,14.0,212.0,66.0,183.0,106.0,157.0,88.0,232.0,50.0,153.0,3.0,9.0,11.0,63.0,24.0,45.0,38.0,58.0,93.0,41.0,27.0,0.0,55.0,0.0,33.0,0.0,43.0,17.0,26.0,35.0,16.0,0.0,32.0,25.0,173.0,42.0,19.0,67.0,33.0,180.0,22.0,54.0,19.0,75.0,51.0,42.0,70.0,347.0,61.0,61.0,43.0,71.0,56.0,46.0,72.0,87.0,57.0,24.0,210.0,33.0,22.0,50.0,47.0,133.0,23.0,219.0,58.0,240.0,27.0,200.0,36.0,0.0,59.0,84.0,54.0,34.0,64.0,52.0,46.0,55.0,55.0,43.0
2020-02-04,199.0,195.0,124.0,129.0,0.0,220.0,113.0,0.0,40.0,182.0,26.0,0.0,148.0,145.0,86.0,0.0,107.0,0.0,0.0,0.0,132.0,52.0,0.0,51.0,10.0,86.0,22.0,72.0,360.0,113.0,192.0,125.0,115.0,118.0,184.0,145.0,0.0,54.0,20.0,212.0,20.0,0.0,82.0,160.0,56.0,157.0,1.0,182.0,7.0,467.0,34.0,295.0,0.0,0.0,24.0,271.0,167.0,250.0,171.0,264.0,241.0,255.0,96.0,288.0,32.0,82.0,17.0,63.0,129.0,69.0,114.0,65.0,212.0,154.0,72.0,0.0,126.0,92.0,81.0,0.0,182.0,32.0,37.0,90.0,13.0,0.0,40.0,18.0,402.0,88.0,51.0,76.0,56.0,367.0,50.0,59.0,47.0,130.0,80.0,79.0,145.0,203.0,125.0,149.0,89.0,87.0,124.0,45.0,86.0,138.0,61.0,30.0,329.0,51.0,47.0,77.0,73.0,172.0,38.0,319.0,94.0,387.0,64.0,234.0,81.0,0.0,147.0,87.0,57.0,38.0,127.0,65.0,33.0,66.0,83.0,62.0
2020-02-05,197.0,179.0,94.0,144.0,217.0,236.0,104.0,0.0,45.0,177.0,44.0,0.0,150.0,152.0,0.0,19.0,98.0,0.0,0.0,0.0,119.0,55.0,0.0,50.0,20.0,88.0,56.0,42.0,381.0,88.0,147.0,107.0,90.0,119.0,192.0,131.0,120.0,143.0,13.0,165.0,16.0,0.0,97.0,134.0,46.0,156.0,0.0,185.0,1.0,320.0,49.0,322.0,0.0,298.0,24.0,300.0,148.0,282.0,197.0,314.0,240.0,253.0,67.0,294.0,24.0,66.0,26.0,69.0,759.0,52.0,121.0,56.0,230.0,159.0,74.0,0.0,106.0,0.0,71.0,0.0,165.0,16.0,28.0,74.0,6.0,0.0,77.0,6.0,344.0,94.0,44.0,91.0,56.0,313.0,39.0,53.0,43.0,118.0,88.0,93.0,120.0,390.0,133.0,137.0,107.0,37.0,97.0,65.0,0.0,132.0,72.0,41.0,318.0,63.0,31.0,98.0,44.0,189.0,41.0,327.0,87.0,352.0,58.0,129.0,100.0,0.0,150.0,112.0,71.0,36.0,129.0,66.0,63.0,38.0,94.0,70.0
2020-02-06,188.0,339.0,103.0,129.0,0.0,224.0,124.0,0.0,58.0,181.0,33.0,0.0,124.0,144.0,0.0,20.0,98.0,0.0,0.0,0.0,139.0,36.0,0.0,41.0,27.0,89.0,47.0,59.0,350.0,68.0,156.0,97.0,81.0,102.0,199.0,109.0,125.0,0.0,15.0,180.0,31.0,0.0,105.0,162.0,56.0,143.0,2.0,200.0,2.0,345.0,42.0,309.0,0.0,273.0,26.0,312.0,157.0,305.0,183.0,287.0,219.0,294.0,74.0,274.0,40.0,61.0,38.0,77.0,483.0,65.0,108.0,58.0,193.0,151.0,83.0,0.0,130.0,96.0,76.0,0.0,160.0,23.0,37.0,85.0,17.0,0.0,70.0,5.0,375.0,88.0,42.0,83.0,54.0,327.0,45.0,72.0,56.0,103.0,63.0,91.0,115.0,257.0,120.0,168.0,91.0,90.0,111.0,60.0,0.0,135.0,38.0,28.0,360.0,62.0,43.0,58.0,23.0,204.0,29.0,329.0,77.0,423.0,69.0,106.0,81.0,0.0,134.0,75.0,38.0,39.0,123.0,61.0,38.0,101.0,108.0,69.0
2020-02-07,172.0,159.0,95.0,133.0,0.0,207.0,115.0,0.0,38.0,184.0,39.0,0.0,140.0,148.0,0.0,15.0,94.0,0.0,0.0,0.0,132.0,49.0,0.0,56.0,17.0,98.0,51.0,75.0,336.0,76.0,175.0,108.0,75.0,97.0,24.0,144.0,123.0,96.0,10.0,174.0,10.0,0.0,106.0,167.0,65.0,124.0,0.0,170.0,1.0,282.0,28.0,346.0,0.0,0.0,30.0,254.0,142.0,235.0,202.0,318.0,231.0,215.0,55.0,288.0,25.0,62.0,32.0,70.0,437.0,67.0,104.0,50.0,202.0,129.0,57.0,0.0,116.0,68.0,75.0,0.0,150.0,20.0,37.0,65.0,12.0,0.0,20.0,6.0,273.0,86.0,49.0,86.0,54.0,264.0,49.0,84.0,46.0,118.0,83.0,84.0,123.0,168.0,126.0,154.0,99.0,103.0,96.0,74.0,0.0,114.0,50.0,24.0,304.0,59.0,39.0,104.0,182.0,167.0,46.0,282.0,84.0,437.0,92.0,354.0,100.0,0.0,128.0,109.0,94.0,37.0,131.0,62.0,65.0,32.0,94.0,63.0
2020-02-08,68.0,120.0,47.0,89.0,0.0,129.0,68.0,0.0,33.0,114.0,55.0,0.0,125.0,78.0,0.0,6.0,59.0,0.0,0.0,0.0,87.0,21.0,0.0,14.0,3.0,68.0,8.0,57.0,246.0,87.0,98.0,0.0,62.0,74.0,29.0,66.0,86.0,85.0,18.0,45.0,13.0,0.0,70.0,95.0,52.0,104.0,7.0,166.0,1.0,264.0,44.0,243.0,0.0,0.0,11.0,262.0,90.0,236.0,149.0,238.0,97.0,298.0,43.0,212.0,20.0,44.0,4.0,42.0,405.0,46.0,52.0,74.0,109.0,66.0,38.0,0.0,78.0,57.0,52.0,0.0,97.0,19.0,28.0,66.0,10.0,0.0,53.0,10.0,221.0,71.0,33.0,63.0,30.0,194.0,38.0,48.0,34.0,90.0,53.0,65.0,81.0,98.0,64.0,77.0,90.0,68.0,67.0,39.0,0.0,97.0,36.0,20.0,230.0,27.0,14.0,79.0,54.0,157.0,32.0,247.0,45.0,313.0,41.0,94.0,46.0,0.0,85.0,84.0,72.0,29.0,84.0,33.0,66.0,69.0,60.0,41.0
2020-02-09,61.0,97.0,63.0,71.0,0.0,105.0,44.0,0.0,14.0,74.0,8.0,0.0,100.0,68.0,0.0,6.0,34.0,0.0,0.0,0.0,63.0,16.0,0.0,19.0,10.0,69.0,4.0,48.0,160.0,57.0,94.0,0.0,62.0,63.0,65.0,76.0,0.0,23.0,6.0,8.0,10.0,0.0,59.0,79.0,40.0,63.0,0.0,147.0,2.0,212.0,21.0,178.0,0.0,0.0,10.0,202.0,60.0,199.0,104.0,167.0,90.0,233.0,35.0,136.0,8.0,31.0,12.0,46.0,214.0,31.0,37.0,40.0,94.0,39.0,25.0,0.0,52.0,32.0,37.0,0.0,56.0,19.0,19.0,44.0,7.0,0.0,35.0,6.0,155.0,47.0,30.0,59.0,54.0,182.0,26.0,39.0,27.0,83.0,55.0,51.0,80.0,115.0,43.0,60.0,44.0,61.0,73.0,37.0,0.0,96.0,22.0,23.0,209.0,26.0,18.0,88.0,43.0,150.0,49.0,212.0,60.0,283.0,31.0,101.0,40.0,0.0,49.0,67.0,65.0,28.0,60.0,18.0,74.0,43.0,39.0,49.0
2020-02-10,149.0,207.0,131.0,130.0,0.0,233.0,100.0,0.0,74.0,225.0,72.0,0.0,147.0,167.0,1.0,18.0,78.0,0.0,0.0,0.0,114.0,37.0,0.0,42.0,14.0,81.0,39.0,74.0,359.0,68.0,124.0,113.0,79.0,108.0,107.0,149.0,110.0,135.0,20.0,182.0,19.0,0.0,84.0,171.0,53.0,141.0,2.0,191.0,3.0,396.0,30.0,272.0,0.0,258.0,17.0,273.0,156.0,260.0,175.0,265.0,174.0,281.0,69.0,286.0,32.0,65.0,29.0,64.0,17.0,53.0,0.0,88.0,193.0,110.0,58.0,0.0,106.0,0.0,70.0,0.0,142.0,21.0,29.0,65.0,6.0,0.0,54.0,11.0,316.0,96.0,44.0,93.0,58.0,285.0,24.0,63.0,50.0,118.0,80.0,70.0,114.0,196.0,110.0,142.0,104.0,109.0,84.0,55.0,1.0,124.0,26.0,22.0,296.0,49.0,44.0,100.0,45.0,196.0,41.0,305.0,93.0,393.0,73.0,535.0,83.0,0.0,142.0,109.0,64.0,38.0,90.0,55.0,62.0,85.0,105.0,61.0
2020-02-11,204.0,194.0,101.0,100.0,0.0,240.0,95.0,0.0,33.0,177.0,44.0,0.0,103.0,153.0,0.0,16.0,124.0,0.0,0.0,0.0,99.0,58.0,0.0,66.0,15.0,81.0,56.0,77.0,396.0,20.0,198.0,70.0,72.0,0.0,162.0,94.0,156.0,0.0,0.0,153.0,30.0,0.0,85.0,146.0,63.0,112.0,0.0,208.0,1.0,416.0,27.0,318.0,0.0,0.0,32.0,275.0,178.0,272.0,165.0,245.0,259.0,285.0,91.0,272.0,44.0,57.0,26.0,61.0,696.0,62.0,112.0,0.0,243.0,179.0,58.0,0.0,133.0,0.0,65.0,0.0,176.0,22.0,38.0,81.0,19.0,0.0,40.0,35.0,321.0,94.0,39.0,85.0,64.0,267.0,33.0,84.0,0.0,118.0,67.0,78.0,80.0,298.0,118.0,136.0,94.0,70.0,91.0,54.0,0.0,137.0,46.0,44.0,284.0,77.0,34.0,77.0,120.0,151.0,35.0,297.0,98.0,368.0,57.0,86.0,71.0,0.0,132.0,87.0,54.0,36.0,120.0,55.0,50.0,44.0,90.0,61.0
2020-02-12,189.0,190.0,113.0,161.0,213.0,215.0,101.0,193.0,70.0,176.0,40.0,230.0,243.0,154.0,0.0,26.0,95.0,0.0,0.0,0.0,120.0,39.0,0.0,54.0,21.0,116.0,45.0,61.0,358.0,9.0,177.0,92.0,38.0,0.0,27.0,119.0,94.0,90.0,10.0,3.0,46.0,0.0,114.0,154.0,58.0,124.0,153.0,175.0,0.0,242.0,26.0,353.0,0.0,0.0,26.0,225.0,155.0,213.0,197.0,303.0,212.0,226.0,99.0,281.0,23.0,45.0,28.0,87.0,366.0,64.0,88.0,0.0,210.0,116.0,76.0,0.0,118.0,91.0,85.0,0.0,139.0,19.0,31.0,82.0,10.0,0.0,38.0,5.0,343.0,80.0,38.0,85.0,235.0,294.0,46.0,69.0,0.0,115.0,76.0,73.0,116.0,168.0,117.0,119.0,59.0,91.0,98.0,57.0,0.0,129.0,44.0,43.0,280.0,82.0,35.0,75.0,261.0,183.0,45.0,303.0,106.0,388.0,68.0,90.0,90.0,0.0,112.0,91.0,66.0,33.0,108.0,46.0,43.0,63.0,77.0,62.0
2020-02-13,203.0,190.0,109.0,142.0,193.0,203.0,114.0,88.0,51.0,233.0,47.0,243.0,230.0,188.0,0.0,29.0,103.0,0.0,0.0,0.0,119.0,58.0,0.0,44.0,18.0,88.0,53.0,61.0,370.0,7.0,179.0,79.0,86.0,0.0,55.0,93.0,121.0,0.0,6.0,147.0,29.0,0.0,89.0,134.0,58.0,92.0,80.0,179.0,2.0,302.0,31.0,299.0,0.0,0.0,38.0,276.0,175.0,268.0,191.0,289.0,233.0,264.0,92.0,273.0,43.0,50.0,34.0,73.0,14.0,51.0,110.0,0.0,215.0,165.0,55.0,0.0,151.0,94.0,87.0,0.0,172.0,24.0,48.0,84.0,13.0,0.0,48.0,8.0,384.0,98.0,41.0,64.0,143.0,324.0,40.0,67.0,52.0,106.0,56.0,91.0,138.0,209.0,136.0,127.0,75.0,119.0,110.0,43.0,0.0,139.0,38.0,43.0,332.0,74.0,32.0,95.0,66.0,188.0,49.0,338.0,91.0,360.0,50.0,84.0,94.0,0.0,147.0,110.0,68.0,11.0,127.0,58.0,51.0,48.0,99.0,48.0
2020-02-14,182.0,176.0,129.0,169.0,172.0,223.0,119.0,191.0,93.0,241.0,59.0,252.0,244.0,165.0,1.0,17.0,87.0,0.0,0.0,0.0,118.0,31.0,0.0,34.0,10.0,87.0,37.0,61.0,392.0,10.0,145.0,114.0,97.0,0.0,146.0,159.0,99.0,98.0,16.0,4.0,28.0,0.0,89.0,153.0,62.0,115.0,174.0,134.0,16.0,282.0,35.0,340.0,0.0,0.0,25.0,275.0,157.0,256.0,197.0,290.0,198.0,249.0,113.0,284.0,39.0,62.0,18.0,69.0,26.0,61.0,84.0,0.0,176.0,102.0,54.0,0.0,144.0,74.0,88.0,0.0,124.0,20.0,36.0,84.0,18.0,0.0,64.0,29.0,381.0,85.0,34.0,91.0,78.0,318.0,28.0,70.0,72.0,94.0,80.0,92.0,128.0,453.0,127.0,152.0,63.0,91.0,113.0,59.0,1.0,131.0,46.0,42.0,301.0,65.0,29.0,51.0,81.0,168.0,33.0,338.0,100.0,368.0,62.0,239.0,87.0,0.0,136.0,87.0,53.0,30.0,121.0,67.0,32.0,53.0,111.0,75.0
2020-02-15,14.0,137.0,17.0,132.0,162.0,138.0,97.0,102.0,27.0,134.0,24.0,130.0,142.0,127.0,0.0,19.0,4.0,0.0,0.0,0.0,90.0,24.0,0.0,23.0,5.0,53.0,22.0,67.0,268.0,59.0,60.0,0.0,42.0,52.0,151.0,77.0,81.0,88.0,7.0,130.0,10.0,0.0,69.0,100.0,67.0,80.0,106.0,116.0,7.0,245.0,36.0,247.0,0.0,229.0,12.0,224.0,85.0,221.0,155.0,218.0,127.0,278.0,29.0,197.0,11.0,39.0,7.0,51.0,405.0,78.0,60.0,0.0,123.0,67.0,45.0,0.0,87.0,71.0,49.0,0.0,128.0,14.0,19.0,65.0,8.0,0.0,53.0,41.0,229.0,55.0,30.0,78.0,47.0,237.0,49.0,31.0,0.0,103.0,66.0,86.0,106.0,86.0,75.0,25.0,52.0,30.0,84.0,57.0,0.0,103.0,32.0,30.0,270.0,47.0,31.0,85.0,53.0,171.0,41.0,285.0,18.0,334.0,66.0,98.0,40.0,0.0,89.0,89.0,89.0,40.0,92.0,42.0,73.0,77.0,42.0,56.0
2020-02-20,171.0,174.0,99.0,178.0,235.0,190.0,107.0,193.0,40.0,167.0,26.0,211.0,212.0,148.0,0.0,31.0,91.0,0.0,0.0,0.0,132.0,58.0,0.0,31.0,16.0,95.0,37.0,88.0,365.0,11.0,145.0,98.0,77.0,0.0,213.0,124.0,109.0,52.0,32.0,165.0,17.0,0.0,108.0,153.0,68.0,126.0,45.0,149.0,28.0,294.0,35.0,310.0,0.0,285.0,22.0,287.0,162.0,266.0,194.0,299.0,243.0,250.0,100.0,278.0,219.0,64.0,24.0,88.0,759.0,71.0,95.0,0.0,244.0,135.0,64.0,0.0,126.0,96.0,88.0,0.0,179.0,14.0,37.0,70.0,16.0,0.0,19.0,18.0,360.0,74.0,35.0,98.0,91.0,301.0,24.0,72.0,190.0,112.0,91.0,86.0,101.0,294.0,107.0,145.0,97.0,118.0,84.0,48.0,0.0,138.0,43.0,43.0,315.0,59.0,37.0,87.0,67.0,187.0,41.0,315.0,78.0,382.0,94.0,85.0,91.0,0.0,148.0,104.0,75.0,32.0,124.0,73.0,64.0,68.0,102.0,81.0
2020-02-21,169.0,187.0,112.0,156.0,199.0,202.0,109.0,168.0,47.0,189.0,24.0,210.0,194.0,155.0,0.0,39.0,76.0,0.0,0.0,0.0,118.0,38.0,0.0,38.0,15.0,67.0,47.0,74.0,369.0,17.0,152.0,85.0,97.0,0.0,188.0,133.0,0.0,0.0,14.0,158.0,23.0,0.0,82.0,121.0,76.0,114.0,148.0,157.0,16.0,322.0,39.0,435.0,0.0,294.0,20.0,313.0,142.0,306.0,184.0,279.0,213.0,288.0,105.0,279.0,54.0,66.0,29.0,86.0,759.0,82.0,79.0,0.0,225.0,113.0,69.0,0.0,118.0,98.0,83.0,0.0,150.0,22.0,26.0,90.0,11.0,0.0,13.0,57.0,289.0,84.0,49.0,85.0,61.0,268.0,45.0,88.0,162.0,101.0,72.0,89.0,133.0,331.0,136.0,143.0,95.0,108.0,111.0,80.0,0.0,128.0,37.0,34.0,274.0,67.0,48.0,73.0,79.0,171.0,47.0,289.0,75.0,392.0,73.0,79.0,82.0,0.0,127.0,90.0,48.0,39.0,0.0,72.0,51.0,42.0,104.0,70.0
2020-02-22,76.0,113.0,64.0,119.0,101.0,142.0,83.0,112.0,25.0,133.0,24.0,158.0,156.0,114.0,0.0,13.0,53.0,0.0,0.0,0.0,82.0,21.0,0.0,19.0,6.0,46.0,23.0,55.0,227.0,71.0,66.0,80.0,53.0,76.0,98.0,104.0,0.0,204.0,10.0,1.0,15.0,0.0,62.0,110.0,50.0,87.0,104.0,122.0,0.0,238.0,42.0,283.0,0.0,0.0,15.0,216.0,88.0,186.0,152.0,229.0,125.0,181.0,41.0,208.0,6.0,36.0,14.0,37.0,759.0,41.0,71.0,0.0,125.0,81.0,36.0,0.0,70.0,54.0,48.0,0.0,86.0,27.0,32.0,62.0,4.0,0.0,33.0,5.0,173.0,48.0,30.0,53.0,53.0,182.0,37.0,39.0,92.0,90.0,54.0,59.0,105.0,204.0,72.0,77.0,52.0,81.0,99.0,42.0,0.0,107.0,27.0,27.0,219.0,32.0,30.0,95.0,53.0,149.0,34.0,242.0,10.0,309.0,0.0,98.0,57.0,0.0,77.0,86.0,73.0,23.0,81.0,41.0,78.0,75.0,57.0,55.0
2020-02-23,59.0,93.0,64.0,57.0,78.0,110.0,73.0,75.0,9.0,122.0,28.0,92.0,98.0,105.0,0.0,15.0,32.0,0.0,0.0,0.0,81.0,16.0,0.0,14.0,6.0,64.0,4.0,40.0,168.0,87.0,53.0,57.0,52.0,70.0,100.0,77.0,69.0,164.0,9.0,113.0,10.0,0.0,70.0,94.0,36.0,67.0,87.0,79.0,15.0,213.0,34.0,153.0,0.0,0.0,8.0,214.0,87.0,179.0,117.0,155.0,80.0,155.0,38.0,141.0,9.0,28.0,7.0,45.0,43.0,27.0,53.0,0.0,79.0,56.0,26.0,0.0,74.0,33.0,34.0,0.0,68.0,22.0,23.0,29.0,11.0,0.0,37.0,23.0,0.0,48.0,27.0,64.0,55.0,185.0,32.0,59.0,77.0,54.0,77.0,53.0,94.0,158.0,82.0,67.0,49.0,72.0,71.0,57.0,0.0,91.0,22.0,24.0,213.0,27.0,13.0,74.0,43.0,157.0,38.0,217.0,66.0,252.0,0.0,81.0,33.0,0.0,69.0,67.0,61.0,27.0,58.0,31.0,66.0,56.0,37.0,50.0
2020-02-24,159.0,179.0,123.0,155.0,178.0,202.0,101.0,119.0,74.0,183.0,42.0,214.0,213.0,141.0,0.0,51.0,84.0,0.0,0.0,0.0,124.0,42.0,0.0,38.0,19.0,76.0,37.0,77.0,341.0,56.0,156.0,100.0,83.0,81.0,140.0,137.0,0.0,0.0,22.0,167.0,29.0,0.0,84.0,149.0,68.0,109.0,138.0,164.0,16.0,312.0,161.0,383.0,0.0,345.0,18.0,309.0,134.0,281.0,218.0,333.0,216.0,281.0,43.0,298.0,28.0,54.0,26.0,60.0,746.0,60.0,102.0,0.0,191.0,113.0,66.0,0.0,104.0,91.0,70.0,0.0,145.0,15.0,33.0,74.0,15.0,0.0,80.0,11.0,272.0,86.0,44.0,80.0,75.0,263.0,39.0,67.0,157.0,116.0,108.0,94.0,114.0,244.0,129.0,150.0,98.0,85.0,111.0,54.0,0.0,123.0,33.0,37.0,270.0,64.0,38.0,87.0,61.0,160.0,36.0,274.0,77.0,373.0,69.0,81.0,95.0,0.0,126.0,111.0,74.0,30.0,120.0,64.0,61.0,112.0,106.0,74.0
2020-02-25,170.0,149.0,112.0,146.0,179.0,158.0,127.0,170.0,56.0,183.0,32.0,206.0,221.0,147.0,0.0,36.0,109.0,0.0,0.0,0.0,139.0,65.0,0.0,47.0,18.0,96.0,48.0,62.0,352.0,112.0,181.0,115.0,79.0,71.0,176.0,140.0,242.0,111.0,14.0,153.0,20.0,0.0,108.0,146.0,57.0,131.0,112.0,156.0,18.0,328.0,34.0,459.0,0.0,305.0,21.0,301.0,134.0,299.0,188.0,310.0,227.0,282.0,60.0,302.0,32.0,62.0,20.0,74.0,643.0,81.0,94.0,0.0,236.0,166.0,69.0,0.0,117.0,96.0,84.0,0.0,166.0,20.0,35.0,76.0,12.0,0.0,16.0,29.0,358.0,66.0,29.0,67.0,60.0,304.0,33.0,69.0,163.0,96.0,95.0,75.0,124.0,246.0,131.0,142.0,75.0,83.0,96.0,60.0,0.0,128.0,24.0,40.0,292.0,58.0,32.0,93.0,82.0,197.0,46.0,311.0,74.0,355.0,78.0,82.0,90.0,0.0,127.0,92.0,64.0,30.0,137.0,67.0,65.0,110.0,75.0,93.0
2020-02-26,165.0,158.0,87.0,152.0,196.0,169.0,106.0,189.0,31.0,189.0,34.0,223.0,238.0,151.0,0.0,34.0,95.0,0.0,0.0,0.0,123.0,32.0,0.0,37.0,15.0,104.0,36.0,57.0,350.0,73.0,186.0,107.0,68.0,94.0,191.0,125.0,106.0,37.0,2.0,1.0,34.0,0.0,97.0,151.0,58.0,140.0,141.0,177.0,6.0,303.0,47.0,403.0,0.0,0.0,25.0,300.0,174.0,274.0,206.0,297.0,243.0,276.0,53.0,310.0,24.0,47.0,31.0,66.0,616.0,59.0,96.0,0.0,219.0,139.0,54.0,0.0,126.0,77.0,77.0,0.0,191.0,31.0,11.0,67.0,7.0,0.0,41.0,10.0,302.0,103.0,38.0,89.0,99.0,289.0,36.0,86.0,169.0,131.0,121.0,84.0,129.0,220.0,135.0,138.0,97.0,96.0,107.0,61.0,0.0,163.0,40.0,38.0,298.0,53.0,31.0,55.0,74.0,180.0,27.0,287.0,90.0,383.0,80.0,65.0,93.0,0.0,154.0,105.0,54.0,32.0,119.0,63.0,37.0,74.0,71.0,68.0
2020-02-27,183.0,182.0,87.0,144.0,170.0,200.0,132.0,160.0,99.0,196.0,33.0,204.0,211.0,163.0,0.0,37.0,97.0,0.0,0.0,0.0,132.0,27.0,0.0,36.0,18.0,91.0,40.0,59.0,332.0,70.0,184.0,119.0,65.0,101.0,172.0,114.0,112.0,0.0,18.0,159.0,47.0,0.0,94.0,147.0,59.0,128.0,89.0,150.0,11.0,322.0,36.0,272.0,0.0,259.0,31.0,293.0,161.0,270.0,203.0,268.0,248.0,285.0,49.0,256.0,15.0,56.0,37.0,75.0,82.0,41.0,101.0,0.0,234.0,133.0,63.0,0.0,127.0,0.0,75.0,0.0,194.0,25.0,5.0,74.0,21.0,0.0,41.0,30.0,383.0,93.0,40.0,82.0,92.0,304.0,43.0,74.0,188.0,106.0,112.0,88.0,125.0,242.0,120.0,158.0,100.0,51.0,92.0,64.0,0.0,126.0,63.0,34.0,324.0,79.0,45.0,88.0,71.0,187.0,47.0,316.0,70.0,342.0,54.0,114.0,91.0,0.0,128.0,111.0,71.0,37.0,121.0,62.0,60.0,94.0,100.0,62.0
2020-02-28,155.0,197.0,101.0,148.0,189.0,194.0,123.0,190.0,43.0,174.0,36.0,210.0,221.0,150.0,0.0,40.0,97.0,0.0,0.0,0.0,145.0,41.0,0.0,49.0,15.0,88.0,50.0,54.0,348.0,93.0,183.0,101.0,75.0,94.0,170.0,115.0,0.0,118.0,22.0,147.0,21.0,0.0,83.0,141.0,55.0,110.0,144.0,148.0,7.0,295.0,36.0,379.0,0.0,0.0,19.0,285.0,157.0,269.0,229.0,307.0,231.0,259.0,55.0,286.0,43.0,58.0,26.0,68.0,11.0,66.0,104.0,0.0,216.0,134.0,69.0,0.0,114.0,97.0,85.0,0.0,190.0,19.0,16.0,85.0,15.0,0.0,61.0,4.0,277.0,85.0,45.0,85.0,64.0,257.0,51.0,71.0,152.0,98.0,96.0,84.0,129.0,181.0,113.0,161.0,66.0,97.0,104.0,68.0,0.0,128.0,34.0,32.0,292.0,70.0,49.0,60.0,64.0,186.0,33.0,306.0,95.0,359.0,87.0,52.0,88.0,0.0,139.0,105.0,75.0,34.0,127.0,60.0,45.0,93.0,109.0,73.0
2020-02-29,132.0,33.0,65.0,6.0,0.0,0.0,0.0,0.0,44.0,20.0,36.0,0.0,38.0,29.0,0.0,8.0,73.0,0.0,0.0,0.0,0.0,36.0,0.0,38.0,13.0,97.0,1.0,105.0,263.0,92.0,77.0,80.0,83.0,105.0,60.0,107.0,24.0,130.0,5.0,163.0,11.0,0.0,72.0,126.0,85.0,100.0,2.0,1.0,4.0,234.0,60.0,243.0,0.0,0.0,16.0,207.0,71.0,165.0,120.0,212.0,118.0,209.0,36.0,216.0,60.0,67.0,11.0,83.0,33.0,65.0,59.0,0.0,105.0,72.0,32.0,0.0,62.0,45.0,46.0,0.0,65.0,22.0,16.0,69.0,9.0,0.0,24.0,28.0,215.0,68.0,32.0,72.0,34.0,250.0,32.0,47.0,95.0,91.0,81.0,53.0,73.0,99.0,26.0,66.0,56.0,32.0,61.0,27.0,0.0,86.0,28.0,26.0,247.0,33.0,20.0,71.0,54.0,149.0,48.0,259.0,43.0,286.0,0.0,72.0,63.0,0.0,100.0,117.0,72.0,49.0,82.0,62.0,61.0,82.0,19.0,41.0
